category,material,color,brand
Bed,Plastic,Red,BrandA
Chair,Glass,Blue,BrandD
Table,Metal,Black,BrandD
Table,Glass,Green,BrandD
Chair,Glass,Brown,BrandD
Table,Plastic,Brown,BrandB
Sofa,Glass,Green,BrandA
Sofa,Wood,White,BrandC
Bed,Fabric,Brown,BrandD
Sofa,Fabric,Black,BrandD
Sofa,Plastic,Green,BrandB
Desk,Fabric,White,BrandB
Desk,Wood,Blue,BrandB
Desk,Plastic,Blue,BrandA
Desk,Metal,Black,BrandC
Table,Fabric,Black,BrandA
Bed,Glass,Black,BrandD
Bed,Wood,Brown,BrandB
Sofa,Wood,Black,BrandD
Bed,Fabric,Green,BrandC
Sofa,Metal,Green,BrandC
Bed,Glass,White,BrandA
Chair,Metal,Green,BrandA
Chair,Metal,Brown,BrandB
Bed,Fabric,Blue,BrandB
Table,Glass,White,BrandD
Sofa,Fabric,Green,BrandB
Bed,Fabric,Black,BrandB
Sofa,Wood,Green,BrandD
Desk,Fabric,Red,BrandC
Bed,Plastic,White,BrandB
Table,Glass,Brown,BrandB
Desk,Wood,Green,BrandD
Bed,Glass,Green,BrandD
Chair,Wood,Brown,BrandD
Bed,Plastic,Blue,BrandD
Chair,Fabric,Black,BrandD
Chair,Wood,Black,BrandB
Bed,Wood,Blue,BrandA
Bed,Wood,Blue,BrandA
Chair,Plastic,Red,BrandA
Sofa,Glass,Brown,BrandB
Desk,Plastic,White,BrandC
Table,Wood,Black,BrandB
Bed,Wood,Blue,BrandA
Desk,Fabric,Blue,BrandA
Desk,Plastic,Brown,BrandD
Sofa,Plastic,White,BrandD
Desk,Metal,Blue,BrandD
Bed,Glass,Red,BrandB
Desk,Metal,White,BrandC
Bed,Metal,Red,BrandC
Bed,Glass,Green,BrandD
Chair,Fabric,Black,BrandC
Sofa,Fabric,Blue,BrandA
Table,Glass,White,BrandA
Chair,Glass,Red,BrandD
Table,Plastic,Black,BrandD
Bed,Plastic,Black,BrandD
Chair,Plastic,Blue,BrandC
Desk,Plastic,Black,BrandB
Desk,Wood,Blue,BrandD
Table,Wood,Green,BrandC
Bed,Fabric,Blue,BrandD
Table,Wood,Brown,BrandB
Sofa,Wood,Red,BrandD
Desk,Plastic,Brown,BrandA
Chair,Plastic,Black,BrandD
Chair,Glass,Black,BrandA
Chair,Plastic,Black,BrandA
Desk,Glass,Blue,BrandC
Bed,Glass,White,BrandC
Desk,Wood,Blue,BrandA
Desk,Plastic,Red,BrandA
Chair,Wood,Blue,BrandD
Desk,Plastic,Black,BrandD
Chair,Wood,Green,BrandA
Bed,Wood,Red,BrandC
Sofa,Wood,Brown,BrandD
Chair,Fabric,Green,BrandD
Table,Wood,Red,BrandD
Sofa,Metal,Red,BrandC
Bed,Metal,Black,BrandA
Sofa,Metal,Brown,BrandD
Chair,Glass,Blue,BrandC
Bed,Wood,Brown,BrandC
Table,Metal,Black,BrandC
Chair,Glass,Black,BrandC
Chair,Metal,Black,BrandD
Bed,Plastic,Green,BrandA
Bed,Fabric,Brown,BrandA
Sofa,Wood,Brown,BrandC
Table,Fabric,Red,BrandA
Sofa,Fabric,White,BrandD
Sofa,Plastic,Blue,BrandA
Chair,Plastic,Black,BrandA
Bed,Plastic,Brown,BrandB
Chair,Glass,Brown,BrandA
Table,Metal,Red,BrandA
Sofa,Wood,Blue,BrandC
Table,Plastic,White,BrandC
Bed,Wood,White,BrandB
Bed,Wood,Black,BrandD
Desk,Wood,White,BrandB
Table,Plastic,White,BrandA
Chair,Plastic,Blue,BrandA
Table,Metal,Blue,BrandD
Sofa,Plastic,Black,BrandD
Bed,Plastic,Brown,BrandC
Bed,Wood,Red,BrandA
Table,Metal,Black,BrandA
Table,Fabric,Green,BrandA
Table,Plastic,White,BrandA
Sofa,Plastic,Red,BrandA
Sofa,Fabric,Brown,BrandA
Chair,Wood,Brown,BrandA
Table,Metal,Blue,BrandA
Chair,Wood,Green,BrandC
Desk,Glass,Brown,BrandB
Sofa,Plastic,Green,BrandA
Bed,Glass,White,BrandC
Desk,Plastic,Blue,BrandA
Bed,Glass,Red,BrandD
Desk,Fabric,Blue,BrandA
Chair,Plastic,White,BrandB
Chair,Plastic,Brown,BrandC
Sofa,Glass,Green,BrandD
Bed,Metal,White,BrandD
Desk,Glass,Brown,BrandA
Table,Plastic,Black,BrandB
Table,Plastic,Green,BrandB
Sofa,Metal,White,BrandA
Bed,Wood,Red,BrandA
Table,Metal,Red,BrandC
Sofa,Wood,Brown,BrandC
Sofa,Plastic,Brown,BrandA
Bed,Fabric,Red,BrandA
Table,Fabric,Black,BrandD
Table,Glass,Blue,BrandB
Table,Metal,Red,BrandC
Chair,Metal,Brown,BrandA
Table,Fabric,Brown,BrandA
Desk,Wood,Black,BrandC
Chair,Metal,Red,BrandD
Chair,Wood,Black,BrandD
Chair,Wood,Red,BrandA
Chair,Wood,Blue,BrandB
Sofa,Wood,White,BrandB
Desk,Glass,Red,BrandA
Bed,Glass,White,BrandC
Table,Fabric,Red,BrandB
Chair,Glass,Blue,BrandC
Bed,Metal,Brown,BrandC
Sofa,Glass,White,BrandC
Bed,Metal,Black,BrandD
Chair,Metal,Red,BrandB
Desk,Wood,Brown,BrandD
Bed,Fabric,Red,BrandB
Chair,Wood,Black,BrandA
Chair,Wood,Blue,BrandC
Table,Glass,Green,BrandB
Table,Glass,Red,BrandB
Desk,Metal,Black,BrandA
Table,Glass,Green,BrandD
Desk,Glass,Red,BrandB
Sofa,Plastic,White,BrandB
Sofa,Metal,Brown,BrandD
Table,Metal,Brown,BrandD
Sofa,Plastic,Black,BrandB
Bed,Metal,White,BrandD
Bed,Fabric,Blue,BrandA
Bed,Fabric,Green,BrandA
Sofa,Plastic,Black,BrandC
Bed,Glass,Red,BrandB
Desk,Fabric,Brown,BrandA
Chair,Plastic,Red,BrandA
Table,Fabric,Green,BrandA
Desk,Wood,White,BrandC
Bed,Plastic,White,BrandD
Chair,Metal,Black,BrandC
Table,Fabric,Black,BrandC
Desk,Metal,White,BrandC
Table,Plastic,Black,BrandC
Sofa,Fabric,White,BrandB
Bed,Metal,Green,BrandB
Desk,Glass,Black,BrandA
Desk,Glass,White,BrandC
Chair,Wood,Black,BrandC
Chair,Plastic,Red,BrandA
Chair,Metal,Brown,BrandD
Table,Wood,Red,BrandB
Bed,Plastic,Blue,BrandC
Table,Glass,White,BrandD
Bed,Metal,Blue,BrandD
Desk,Fabric,White,BrandC
Table,Glass,Brown,BrandC
Table,Fabric,Black,BrandD
Table,Fabric,White,BrandB
Sofa,Metal,Red,BrandB
Bed,Metal,Black,BrandC
Bed,Fabric,Brown,BrandC
Table,Wood,Red,BrandA
Sofa,Fabric,Black,BrandA
Table,Fabric,White,BrandB
Bed,Metal,White,BrandA
Desk,Plastic,Red,BrandD
Sofa,Glass,Green,BrandD
Sofa,Metal,White,BrandD
Table,Wood,Green,BrandD
Desk,Glass,Black,BrandC
Bed,Metal,Green,BrandD
Chair,Metal,Red,BrandB
Bed,Plastic,Blue,BrandA
Bed,Wood,Blue,BrandB
Desk,Wood,Red,BrandC
Sofa,Metal,Blue,BrandA
Bed,Plastic,Red,BrandA
Sofa,Metal,White,BrandA
Desk,Fabric,Green,BrandD
Desk,Fabric,Blue,BrandC
Table,Plastic,White,BrandB
Chair,Metal,Blue,BrandD
Desk,Plastic,Black,BrandA
Desk,Metal,Red,BrandB
Sofa,Metal,Red,BrandB
Desk,Fabric,White,BrandB
Bed,Glass,Black,BrandC
Table,Wood,Green,BrandD
Table,Wood,Black,BrandC
Bed,Plastic,Black,BrandA
Desk,Wood,Brown,BrandA
Chair,Fabric,Green,BrandB
Desk,Glass,Green,BrandB
Table,Metal,Black,BrandB
Chair,Metal,Blue,BrandC
Sofa,Fabric,Brown,BrandD
Sofa,Wood,Blue,BrandC
Desk,Metal,Black,BrandA
Desk,Wood,Blue,BrandB
Chair,Fabric,Green,BrandB
Chair,Metal,Green,BrandC
Desk,Plastic,Blue,BrandA
Table,Glass,Green,BrandD
Sofa,Wood,Red,BrandB
Chair,Wood,Green,BrandB
Table,Wood,Black,BrandA
Desk,Wood,White,BrandB
Bed,Fabric,Blue,BrandD
Chair,Fabric,Brown,BrandC
Bed,Fabric,Blue,BrandA
Table,Fabric,Green,BrandB
Sofa,Metal,Green,BrandB
Table,Fabric,White,BrandD
Sofa,Metal,White,BrandC
Table,Plastic,Brown,BrandD
Chair,Fabric,Black,BrandC
Chair,Plastic,Red,BrandD
Bed,Fabric,Black,BrandC
Table,Plastic,Brown,BrandB
Table,Glass,Blue,BrandB
Bed,Plastic,Green,BrandB
Desk,Metal,Black,BrandA
Table,Wood,Green,BrandC
Table,Plastic,Green,BrandA
Table,Wood,Black,BrandC
Desk,Glass,Black,BrandB
Chair,Glass,White,BrandA
Bed,Metal,Brown,BrandA
Desk,Metal,Brown,BrandD
Sofa,Plastic,Red,BrandC
Sofa,Fabric,White,BrandD
Desk,Glass,Red,BrandA
Desk,Wood,Black,BrandA
Chair,Fabric,Brown,BrandB
Sofa,Glass,Brown,BrandD
Bed,Plastic,Red,BrandD
Table,Glass,Blue,BrandD
Table,Metal,White,BrandC
Chair,Wood,White,BrandA
Chair,Wood,White,BrandD
Sofa,Metal,Brown,BrandB
Bed,Fabric,Green,BrandA
Bed,Metal,Brown,BrandB
Desk,Wood,Green,BrandA
Chair,Plastic,Brown,BrandB
Table,Fabric,Black,BrandD
Table,Glass,Brown,BrandD
Sofa,Plastic,Black,BrandB
Table,Fabric,Green,BrandC
Bed,Wood,White,BrandB
Bed,Wood,Green,BrandA
Chair,Plastic,Red,BrandB
Sofa,Fabric,White,BrandB
Table,Glass,Brown,BrandA
Chair,Glass,Brown,BrandD
Desk,Metal,Brown,BrandA
Desk,Plastic,Brown,BrandB
Table,Fabric,Brown,BrandA
Table,Plastic,Green,BrandB
Table,Glass,Black,BrandD
Bed,Fabric,Green,BrandB
Table,Wood,Blue,BrandB
Desk,Wood,Green,BrandD
Table,Fabric,White,BrandA
Sofa,Plastic,Brown,BrandC
Desk,Plastic,Green,BrandC
Sofa,Wood,Black,BrandB
Desk,Wood,Brown,BrandB
Chair,Glass,Red,BrandD
Desk,Fabric,Blue,BrandA
Desk,Plastic,White,BrandC
Sofa,Glass,Black,BrandC
Sofa,Plastic,Blue,BrandD
Desk,Wood,Green,BrandD
Desk,Fabric,Blue,BrandC
Bed,Metal,Brown,BrandA
Chair,Fabric,Brown,BrandA
Chair,Metal,Red,BrandA
Table,Glass,Blue,BrandB
Desk,Metal,Blue,BrandA
Desk,Metal,Brown,BrandB
Desk,Glass,Green,BrandB
Desk,Fabric,Green,BrandD
Chair,Glass,White,BrandB
Sofa,Wood,Green,BrandB
Bed,Wood,Blue,BrandD
Sofa,Metal,Red,BrandA
Sofa,Glass,Green,BrandA
Chair,Glass,Brown,BrandC
Bed,Glass,Brown,BrandC
Desk,Fabric,White,BrandB
Chair,Plastic,White,BrandC
Chair,Plastic,Blue,BrandD
Bed,Plastic,Green,BrandC
Table,Fabric,Green,BrandC
Chair,Glass,White,BrandB
Sofa,Plastic,Green,BrandD
Sofa,Glass,Blue,BrandC
Desk,Metal,Red,BrandA
Chair,Plastic,Brown,BrandD
Desk,Metal,Blue,BrandD
Chair,Fabric,Green,BrandB
Bed,Wood,Blue,BrandD
Chair,Fabric,Brown,BrandD
Table,Fabric,Black,BrandD
Sofa,Fabric,Brown,BrandD
Bed,Plastic,Brown,BrandD
Sofa,Metal,Black,BrandD
Desk,Plastic,Green,BrandD
Bed,Wood,Green,BrandA
Table,Fabric,Red,BrandD
Sofa,Glass,Brown,BrandB
Chair,Wood,Blue,BrandA
Chair,Metal,Red,BrandD
Chair,Wood,Green,BrandC
Bed,Plastic,Green,BrandB
Table,Glass,White,BrandA
Table,Plastic,Red,BrandB
Table,Fabric,Green,BrandA
Sofa,Fabric,Black,BrandC
Bed,Wood,White,BrandB
Chair,Fabric,Blue,BrandB
Sofa,Fabric,White,BrandA
Table,Metal,Brown,BrandA
Chair,Metal,Brown,BrandC
Bed,Plastic,Blue,BrandD
Desk,Plastic,Black,BrandA
Table,Metal,Blue,BrandA
Table,Wood,Red,BrandA
Table,Metal,Blue,BrandC
Table,Plastic,Blue,BrandD
Chair,Glass,White,BrandD
Bed,Fabric,Black,BrandC
Sofa,Glass,Blue,BrandD
Chair,Glass,Red,BrandB
Bed,Fabric,White,BrandC
Sofa,Metal,Black,BrandA
Table,Wood,Black,BrandD
Bed,Glass,Green,BrandB
Table,Wood,Brown,BrandC
Bed,Plastic,Red,BrandC
Desk,Glass,Brown,BrandA
Table,Plastic,White,BrandA
Table,Metal,White,BrandC
Table,Glass,Red,BrandB
Chair,Plastic,Black,BrandA
Sofa,Plastic,Blue,BrandC
Table,Metal,Red,BrandC
Table,Wood,White,BrandA
Chair,Wood,Brown,BrandD
Chair,Glass,Red,BrandB
Desk,Metal,Black,BrandD
Bed,Glass,Green,BrandD
Table,Wood,Green,BrandB
Bed,Metal,Blue,BrandB
Chair,Fabric,Blue,BrandA
Chair,Metal,Black,BrandA
Desk,Metal,Brown,BrandA
Sofa,Fabric,Blue,BrandB
Chair,Plastic,Green,BrandD
Table,Plastic,Black,BrandB
Desk,Plastic,Black,BrandA
Sofa,Wood,Black,BrandD
Desk,Metal,Red,BrandA
Chair,Fabric,Brown,BrandD
Sofa,Wood,Brown,BrandA
Bed,Fabric,Blue,BrandB
Sofa,Wood,Brown,BrandC
Table,Wood,White,BrandC
Bed,Wood,Green,BrandD
Bed,Fabric,Blue,BrandB
Table,Glass,Brown,BrandA
Bed,Wood,Green,BrandD
Chair,Plastic,Blue,BrandD
Sofa,Metal,White,BrandA
Sofa,Glass,Green,BrandA
Table,Glass,White,BrandA
Chair,Fabric,Green,BrandB
Bed,Glass,Red,BrandC
Sofa,Fabric,Red,BrandD
Sofa,Fabric,Green,BrandD
Sofa,Plastic,Green,BrandC
Sofa,Wood,White,BrandD
Desk,Glass,Brown,BrandB
Table,Wood,Black,BrandA
Bed,Wood,Green,BrandC
Bed,Wood,Blue,BrandB
Table,Fabric,Blue,BrandA
Chair,Wood,Blue,BrandC
Table,Glass,Red,BrandB
Sofa,Fabric,Brown,BrandC
Sofa,Glass,White,BrandC
Table,Fabric,Brown,BrandB
Table,Metal,Red,BrandD
Bed,Metal,Brown,BrandB
Bed,Metal,Brown,BrandC
Desk,Metal,Blue,BrandC
Desk,Fabric,Green,BrandB
Sofa,Wood,Blue,BrandA
Desk,Plastic,Brown,BrandA
Desk,Plastic,Green,BrandA
Chair,Metal,White,BrandA
Table,Wood,Black,BrandB
Bed,Glass,Green,BrandD
Desk,Wood,Red,BrandA
Bed,Glass,Blue,BrandC
Desk,Plastic,Blue,BrandA
Desk,Wood,Brown,BrandD
Sofa,Wood,Brown,BrandB
Chair,Plastic,Brown,BrandD
Table,Wood,Brown,BrandD
Table,Glass,Blue,BrandD
Sofa,Wood,Green,BrandA
Sofa,Glass,White,BrandA
Table,Metal,Green,BrandD
Table,Wood,Red,BrandB
Chair,Glass,Blue,BrandA
Desk,Plastic,Green,BrandB
Chair,Metal,Blue,BrandA
Table,Wood,Red,BrandB
Desk,Glass,Black,BrandA
Table,Wood,Black,BrandD
Chair,Glass,Black,BrandC
Chair,Wood,Blue,BrandC
Chair,Metal,Green,BrandB
Desk,Metal,Blue,BrandB
Bed,Wood,White,BrandD
Bed,Wood,Green,BrandD
Table,Fabric,Red,BrandB
Desk,Wood,Brown,BrandC
Sofa,Wood,Black,BrandD
Bed,Metal,Green,BrandB
Desk,Wood,Green,BrandD
Desk,Plastic,Black,BrandD
Bed,Wood,Red,BrandA
Desk,Fabric,Blue,BrandD
Desk,Glass,Blue,BrandB
Bed,Metal,Brown,BrandD
Chair,Plastic,Green,BrandB
Table,Glass,Black,BrandA
Sofa,Plastic,White,BrandA
Table,Metal,Red,BrandC
Chair,Fabric,Blue,BrandA
Chair,Metal,Red,BrandA
Desk,Plastic,Red,BrandB
Table,Plastic,Brown,BrandC
Chair,Metal,Red,BrandA
Table,Wood,Black,BrandD
Chair,Metal,Brown,BrandC
Sofa,Fabric,Black,BrandA
Chair,Metal,Brown,BrandC
Table,Glass,Black,BrandA
Desk,Wood,Brown,BrandB
Table,Glass,Brown,BrandC
Bed,Metal,Green,BrandC
Table,Wood,Black,BrandA
Sofa,Glass,Green,BrandC
Sofa,Glass,Brown,BrandA
Sofa,Wood,Blue,BrandD
Chair,Wood,Brown,BrandC
Sofa,Plastic,Blue,BrandC
Table,Wood,Blue,BrandB
Desk,Metal,Blue,BrandB
Sofa,Fabric,Blue,BrandC
Table,Plastic,Black,BrandB
Chair,Wood,White,BrandC
Chair,Fabric,Black,BrandA
Desk,Plastic,White,BrandC
Desk,Metal,Black,BrandC
Table,Fabric,Blue,BrandD
Desk,Wood,Red,BrandB
Desk,Wood,Brown,BrandB
Chair,Metal,White,BrandD
Table,Plastic,Red,BrandA
Desk,Fabric,Blue,BrandA
Table,Metal,White,BrandA
Sofa,Plastic,Red,BrandD
Chair,Glass,Black,BrandC
Chair,Glass,Blue,BrandA
Chair,Plastic,Black,BrandA
Bed,Wood,Black,BrandD
Table,Wood,Blue,BrandB
Sofa,Glass,White,BrandD
Desk,Wood,Brown,BrandB
Sofa,Wood,Green,BrandA
Table,Plastic,Green,BrandA
Chair,Plastic,Brown,BrandC
Bed,Wood,Blue,BrandC
Table,Plastic,Green,BrandB
Table,Fabric,Brown,BrandA
Desk,Glass,Red,BrandA
Sofa,Fabric,Brown,BrandD
Sofa,Fabric,White,BrandA
Desk,Wood,Brown,BrandA
Bed,Wood,Black,BrandD
Chair,Fabric,Black,BrandD
Chair,Fabric,Blue,BrandA
Bed,Metal,Black,BrandC
Desk,Metal,Red,BrandC
Table,Glass,Brown,BrandA
Sofa,Fabric,Red,BrandC
Table,Plastic,Blue,BrandD
Sofa,Metal,Black,BrandC
Table,Wood,Green,BrandA
Desk,Fabric,Brown,BrandC
Desk,Plastic,Green,BrandA
Bed,Plastic,White,BrandC
Table,Plastic,Blue,BrandA
Table,Wood,White,BrandA
Bed,Metal,Green,BrandC
Bed,Plastic,Green,BrandC
Desk,Metal,Green,BrandD
Desk,Glass,White,BrandB
Table,Wood,Blue,BrandA
Desk,Metal,Brown,BrandA
Desk,Metal,Brown,BrandA
Table,Plastic,Red,BrandA
Bed,Plastic,Red,BrandC
Table,Wood,Green,BrandC
Chair,Metal,Blue,BrandB
Table,Fabric,Blue,BrandA
Chair,Plastic,Black,BrandB
Table,Plastic,Black,BrandD
Chair,Glass,White,BrandB
Chair,Wood,Black,BrandB
Table,Metal,Brown,BrandD
Desk,Metal,Brown,BrandD
Sofa,Metal,White,BrandB
Desk,Plastic,Red,BrandD
Chair,Wood,Green,BrandB
Table,Metal,Blue,BrandC
Table,Fabric,Red,BrandC
Table,Glass,Brown,BrandB
Table,Glass,Red,BrandD
Sofa,Metal,White,BrandD
Bed,Plastic,Green,BrandC
Chair,Glass,Brown,BrandC
Sofa,Glass,White,BrandD
Desk,Glass,Red,BrandD
Bed,Glass,Blue,BrandD
Bed,Metal,Black,BrandD
Table,Wood,White,BrandB
Sofa,Wood,Brown,BrandD
Desk,Plastic,Red,BrandC
Table,Fabric,Black,BrandC
Table,Wood,Black,BrandA
Chair,Fabric,Red,BrandD
Bed,Wood,Green,BrandB
Desk,Wood,Red,BrandA
Bed,Plastic,Brown,BrandA
Sofa,Glass,Blue,BrandB
Chair,Plastic,Brown,BrandA
Table,Wood,Black,BrandA
Chair,Glass,Blue,BrandC
Table,Glass,White,BrandA
Chair,Glass,Black,BrandB
Table,Fabric,Green,BrandD
Bed,Wood,Red,BrandD
Bed,Metal,White,BrandD
Bed,Plastic,Brown,BrandC
Bed,Fabric,Blue,BrandC
Chair,Plastic,White,BrandC
Table,Metal,Green,BrandB
Bed,Glass,Red,BrandD
Chair,Metal,White,BrandB
Table,Plastic,Brown,BrandB
Chair,Metal,Blue,BrandA
Bed,Wood,White,BrandD
Sofa,Metal,Red,BrandA
Chair,Wood,Brown,BrandC
Bed,Metal,White,BrandC
Desk,Wood,Blue,BrandB
Table,Wood,Red,BrandB
Bed,Metal,Green,BrandA
Desk,Fabric,Green,BrandA
Chair,Glass,Black,BrandB
Chair,Glass,White,BrandD
Desk,Glass,Blue,BrandB
Desk,Wood,White,BrandD
Table,Glass,Red,BrandA
Chair,Wood,Black,BrandC
Desk,Fabric,Blue,BrandC
Sofa,Metal,White,BrandA
Sofa,Metal,Blue,BrandA
Desk,Wood,Red,BrandC
Table,Wood,Black,BrandD
Chair,Fabric,Blue,BrandA
Sofa,Glass,Red,BrandD
Desk,Fabric,Green,BrandD
Desk,Metal,Blue,BrandC
Bed,Metal,Black,BrandD
Desk,Glass,Brown,BrandC
Table,Metal,Brown,BrandA
Sofa,Wood,Blue,BrandB
Bed,Metal,Blue,BrandB
Sofa,Plastic,Red,BrandB
Sofa,Glass,White,BrandB
Table,Glass,Brown,BrandB
Desk,Glass,White,BrandB
Table,Plastic,Brown,BrandD
Desk,Fabric,Blue,BrandD
Bed,Wood,Black,BrandB
Table,Glass,Black,BrandA
Table,Metal,Brown,BrandA
Chair,Wood,Brown,BrandD
Table,Metal,Red,BrandD
Chair,Wood,Blue,BrandB
Desk,Wood,Blue,BrandA
Desk,Metal,White,BrandC
Desk,Metal,Red,BrandB
Chair,Wood,Green,BrandD
Desk,Glass,Black,BrandD
Sofa,Metal,Black,BrandD
Table,Plastic,Blue,BrandC
Chair,Plastic,Red,BrandA
Desk,Wood,Green,BrandD
Sofa,Fabric,Black,BrandB
Table,Wood,Red,BrandC
Table,Wood,Green,BrandA
Desk,Glass,Brown,BrandB
Sofa,Glass,Blue,BrandB
Chair,Fabric,White,BrandC
Desk,Fabric,Black,BrandC
Table,Fabric,Black,BrandC
Table,Fabric,Green,BrandD
Table,Fabric,White,BrandA
Desk,Wood,Brown,BrandD
Bed,Wood,Red,BrandC
Bed,Plastic,Blue,BrandC
Bed,Plastic,Red,BrandC
Sofa,Metal,Green,BrandD
Desk,Wood,Black,BrandB
Table,Fabric,Brown,BrandC
Sofa,Metal,Black,BrandD
Bed,Glass,Red,BrandC
Chair,Wood,Brown,BrandD
Sofa,Plastic,Blue,BrandA
Sofa,Wood,Green,BrandA
Desk,Wood,Blue,BrandD
Sofa,Wood,Green,BrandC
Desk,Wood,Blue,BrandD
Chair,Glass,Red,BrandA
Table,Plastic,White,BrandD
Table,Wood,Brown,BrandA
Bed,Glass,Green,BrandA
Bed,Metal,Red,BrandB
Chair,Wood,Black,BrandC
Table,Glass,Black,BrandD
Bed,Fabric,Blue,BrandC
Sofa,Metal,Black,BrandC
Desk,Plastic,White,BrandA
Bed,Wood,Green,BrandA
Chair,Wood,Blue,BrandD
Table,Glass,Green,BrandD
Chair,Plastic,Green,BrandD
Desk,Fabric,Red,BrandA
Desk,Metal,Black,BrandB
Chair,Plastic,Brown,BrandD
Bed,Wood,Green,BrandA
Bed,Glass,White,BrandB
Table,Fabric,White,BrandC
Table,Glass,Brown,BrandA
Sofa,Metal,Black,BrandD
Sofa,Plastic,Black,BrandD
Table,Glass,Blue,BrandB
Sofa,Glass,Blue,BrandB
Chair,Wood,Blue,BrandA
Bed,Glass,Black,BrandB
Sofa,Fabric,Green,BrandA
Sofa,Plastic,Red,BrandB
Chair,Metal,Brown,BrandC
Desk,Glass,Brown,BrandD
Table,Fabric,Brown,BrandD
Chair,Metal,Blue,BrandC
Desk,Fabric,Red,BrandD
Chair,Glass,White,BrandD
Bed,Glass,Black,BrandD
Chair,Plastic,White,BrandD
Chair,Wood,Blue,BrandC
Bed,Fabric,Green,BrandA
Table,Wood,Blue,BrandD
Desk,Wood,Red,BrandC
Sofa,Metal,Blue,BrandD
Table,Metal,Brown,BrandC
Chair,Fabric,Green,BrandC
Sofa,Wood,Green,BrandA
Bed,Plastic,Black,BrandB
Table,Wood,Black,BrandA
Desk,Metal,Brown,BrandA
Table,Wood,Green,BrandD
Table,Glass,Brown,BrandC
Sofa,Glass,Green,BrandB
Bed,Plastic,Red,BrandC
Bed,Fabric,Blue,BrandD
Table,Wood,Black,BrandC
Bed,Glass,Red,BrandD
Sofa,Fabric,Blue,BrandA
Sofa,Glass,Black,BrandA
Desk,Fabric,Brown,BrandD
Bed,Fabric,Red,BrandA
Desk,Glass,White,BrandC
Chair,Metal,White,BrandB
Sofa,Fabric,Black,BrandB
Table,Wood,Red,BrandC
Sofa,Glass,Blue,BrandB
Chair,Metal,Blue,BrandC
Table,Glass,Red,BrandD
Bed,Plastic,White,BrandB
Bed,Wood,Red,BrandD
Sofa,Plastic,White,BrandD
Table,Fabric,White,BrandC
Table,Fabric,Brown,BrandB
Desk,Plastic,Brown,BrandA
Chair,Plastic,Blue,BrandA
Bed,Fabric,Black,BrandA
Sofa,Metal,Green,BrandA
Table,Wood,Red,BrandC
Bed,Glass,White,BrandD
Sofa,Plastic,Red,BrandB
Bed,Wood,Black,BrandC
Sofa,Glass,Black,BrandA
Bed,Glass,Green,BrandB
Desk,Plastic,Green,BrandC
Chair,Metal,White,BrandD
Bed,Metal,Brown,BrandA
Chair,Wood,Green,BrandB
Bed,Wood,Brown,BrandB
Table,Fabric,Brown,BrandA
Desk,Metal,White,BrandD
Desk,Wood,Blue,BrandA
Chair,Fabric,Brown,BrandD
Table,Glass,White,BrandB
Sofa,Wood,Green,BrandA
Desk,Fabric,Red,BrandD
Table,Metal,Green,BrandD
Table,Glass,Black,BrandC
Chair,Wood,Green,BrandD
Table,Metal,Blue,BrandA
Table,Glass,White,BrandA
Sofa,Plastic,Brown,BrandD
Chair,Metal,Black,BrandA
Chair,Plastic,White,BrandB
Table,Wood,White,BrandB
Sofa,Fabric,Brown,BrandA
Bed,Wood,Green,BrandD
Desk,Metal,Red,BrandB
Chair,Plastic,Black,BrandD
Sofa,Plastic,Brown,BrandA
Sofa,Glass,Blue,BrandC
Table,Wood,Blue,BrandB
Desk,Wood,Red,BrandA
Chair,Metal,Red,BrandB
Bed,Plastic,Green,BrandD
Table,Metal,Blue,BrandC
Chair,Metal,Black,BrandC
Chair,Plastic,Brown,BrandA
Sofa,Metal,Red,BrandB
Desk,Plastic,Red,BrandC
Bed,Metal,Red,BrandB
Desk,Fabric,Brown,BrandD
Sofa,Metal,Black,BrandD
Bed,Metal,Blue,BrandA
Bed,Fabric,Black,BrandC
Table,Wood,Brown,BrandC
Bed,Plastic,Black,BrandB
Chair,Glass,Green,BrandD
Desk,Fabric,Brown,BrandC
Desk,Wood,Red,BrandA
Table,Metal,Blue,BrandA
Bed,Wood,Green,BrandC
Sofa,Fabric,Green,BrandA
Chair,Metal,Brown,BrandC
Table,Wood,White,BrandC
Bed,Glass,Red,BrandC
Sofa,Plastic,Blue,BrandC
Bed,Plastic,Blue,BrandB
Table,Fabric,Blue,BrandC
Sofa,Metal,Brown,BrandA
Sofa,Metal,Red,BrandD
Sofa,Plastic,Brown,BrandB
Sofa,Wood,Blue,BrandD
Bed,Metal,Black,BrandD
Sofa,Glass,Black,BrandD
Bed,Glass,Red,BrandD
Sofa,Metal,Blue,BrandD
Sofa,Metal,Brown,BrandA
Table,Plastic,White,BrandC
Bed,Fabric,White,BrandA
Bed,Plastic,White,BrandB
Desk,Fabric,Black,BrandA
Table,Glass,Brown,BrandB
Bed,Fabric,White,BrandC
Table,Plastic,Blue,BrandD
Table,Metal,Blue,BrandC
Table,Fabric,White,BrandA
Chair,Plastic,Green,BrandA
Bed,Glass,White,BrandC
Table,Fabric,Green,BrandC
Chair,Glass,Red,BrandA
Chair,Glass,Red,BrandC
Sofa,Wood,Blue,BrandB
Sofa,Fabric,Brown,BrandB
Bed,Plastic,Black,BrandA
Sofa,Fabric,Brown,BrandA
Bed,Fabric,Blue,BrandC
Chair,Glass,Blue,BrandC
Chair,Glass,Brown,BrandD
Bed,Glass,Black,BrandB
Sofa,Glass,Blue,BrandA
Sofa,Plastic,Black,BrandA
Bed,Metal,Blue,BrandA
Desk,Wood,Red,BrandA
Sofa,Glass,Green,BrandD
Table,Glass,Blue,BrandB
Sofa,Wood,Green,BrandD
Desk,Glass,White,BrandB
Chair,Metal,Blue,BrandA
Chair,Fabric,Red,BrandB
Chair,Wood,Black,BrandA
Sofa,Plastic,Red,BrandD
Chair,Wood,Green,BrandB
Desk,Metal,Black,BrandC
Desk,Plastic,Red,BrandB
Sofa,Fabric,Red,BrandA
Table,Glass,Red,BrandC
Sofa,Wood,Brown,BrandA
Chair,Plastic,Black,BrandC
Sofa,Wood,Red,BrandC
Desk,Fabric,Red,BrandB
Sofa,Wood,Green,BrandB
Sofa,Plastic,Red,BrandC
Table,Metal,Red,BrandC
Desk,Plastic,White,BrandC
Bed,Wood,Black,BrandA
Bed,Fabric,White,BrandB
Desk,Glass,Brown,BrandA
Bed,Glass,Green,BrandB
Chair,Fabric,White,BrandD
Bed,Wood,Brown,BrandA
Chair,Fabric,Blue,BrandB
Desk,Wood,Black,BrandC
Bed,Plastic,Red,BrandC
Bed,Metal,White,BrandB
Chair,Wood,White,BrandC
Chair,Glass,Red,BrandC
Sofa,Glass,Red,BrandD
Table,Metal,Green,BrandD
Bed,Wood,White,BrandD
Table,Metal,White,BrandA
Table,Plastic,Blue,BrandD
Bed,Metal,Brown,BrandD
Chair,Plastic,Blue,BrandD
Sofa,Glass,White,BrandB
Desk,Plastic,Blue,BrandC
Bed,Wood,White,BrandB
Bed,Wood,Black,BrandD
Desk,Wood,Green,BrandA
Table,Wood,Blue,BrandB
Sofa,Fabric,White,BrandD
Table,Plastic,Blue,BrandA
Desk,Wood,Brown,BrandA
Desk,Metal,Green,BrandA
Sofa,Metal,Black,BrandC
Desk,Fabric,Red,BrandA
Desk,Plastic,Red,BrandD
Sofa,Plastic,Blue,BrandB
Bed,Plastic,White,BrandB
Table,Fabric,Brown,BrandD
Bed,Plastic,Green,BrandC
Bed,Plastic,Black,BrandC
Table,Wood,Black,BrandA
Bed,Plastic,Black,BrandD
Sofa,Wood,Red,BrandA
Table,Wood,Green,BrandA
Chair,Plastic,Red,BrandD
Bed,Metal,Blue,BrandC
Desk,Glass,Black,BrandC
Table,Metal,Green,BrandB
Chair,Plastic,Black,BrandD
Desk,Plastic,Red,BrandA
Chair,Metal,Red,BrandD
Bed,Plastic,Red,BrandA
Desk,Wood,Black,BrandB
Bed,Fabric,Green,BrandB
Desk,Plastic,Green,BrandB
Table,Plastic,Blue,BrandB
Sofa,Metal,Black,BrandA
Sofa,Wood,Blue,BrandC
Chair,Metal,Brown,BrandA
Desk,Metal,Blue,BrandB
Bed,Plastic,Blue,BrandC
Table,Wood,Blue,BrandD
Table,Plastic,Red,BrandA
Table,Plastic,Brown,BrandD
Sofa,Plastic,Blue,BrandB
Bed,Plastic,Green,BrandD
Table,Fabric,Blue,BrandC
Table,Glass,Red,BrandC
Chair,Wood,White,BrandC
Desk,Fabric,Brown,BrandA
Desk,Glass,White,BrandD
Desk,Glass,White,BrandD
Chair,Glass,Brown,BrandD
Sofa,Fabric,Black,BrandB
Chair,Wood,Green,BrandA
Table,Metal,Red,BrandA
Bed,Glass,Brown,BrandD
Table,Metal,White,BrandA
Table,Metal,Red,BrandD
Bed,Plastic,Red,BrandD
Desk,Metal,Black,BrandD
Chair,Plastic,White,BrandC
Sofa,Wood,Blue,BrandB
Table,Wood,Red,BrandA
Table,Plastic,White,BrandB
Sofa,Wood,Red,BrandC
Chair,Glass,Black,BrandA
Table,Wood,Black,BrandD
Sofa,Plastic,Blue,BrandB
Table,Glass,Black,BrandC
Desk,Metal,White,BrandA
Desk,Metal,Brown,BrandA
Table,Metal,Black,BrandB
Table,Plastic,Brown,BrandB
Desk,Metal,Blue,BrandA
Table,Wood,Green,BrandA
Chair,Metal,Red,BrandC
Chair,Fabric,Red,BrandD
Bed,Fabric,White,BrandD
Chair,Metal,Blue,BrandC
Table,Metal,Blue,BrandA
Table,Fabric,Blue,BrandB
Sofa,Metal,Red,BrandB
Chair,Glass,Black,BrandA
Desk,Fabric,Red,BrandC
Desk,Plastic,Red,BrandA
Bed,Fabric,Red,BrandB
Sofa,Wood,Black,BrandA
Desk,Glass,Green,BrandA
Bed,Plastic,White,BrandC
Chair,Metal,Green,BrandD
Sofa,Wood,Green,BrandB
Sofa,Wood,Red,BrandB
Table,Glass,Green,BrandA
Chair,Plastic,Red,BrandB
Sofa,Wood,Red,BrandB
Bed,Plastic,White,BrandD
Desk,Plastic,Blue,BrandB
Chair,Wood,Red,BrandB
Chair,Plastic,Green,BrandC
Sofa,Glass,White,BrandC
Sofa,Wood,Brown,BrandC
Sofa,Glass,Brown,BrandC
Bed,Glass,Brown,BrandC
Table,Plastic,Green,BrandD
Sofa,Plastic,Blue,BrandB
Table,Wood,Black,BrandA
Table,Metal,Blue,BrandD
Chair,Wood,White,BrandA
Desk,Glass,Blue,BrandC
Desk,Plastic,Brown,BrandB
Bed,Glass,Blue,BrandC
Bed,Fabric,White,BrandD
Desk,Fabric,White,BrandA
Desk,Glass,Brown,BrandB
Chair,Metal,Green,BrandD
Chair,Metal,Red,BrandD
Desk,Wood,Black,BrandB
Sofa,Wood,Black,BrandB
Sofa,Wood,Brown,BrandD
Chair,Plastic,Black,BrandA
Table,Metal,Blue,BrandA
Desk,Glass,White,BrandD
Bed,Fabric,White,BrandD
Sofa,Metal,Brown,BrandC
Table,Metal,White,BrandC
Sofa,Metal,Red,BrandA
Table,Wood,White,BrandC
Desk,Plastic,White,BrandA
Desk,Glass,Blue,BrandB
Desk,Wood,Green,BrandC
Chair,Plastic,Black,BrandA
Table,Metal,Blue,BrandA
Bed,Plastic,Blue,BrandD
Bed,Wood,Blue,BrandA
Desk,Metal,Black,BrandC
Bed,Wood,Brown,BrandD
Sofa,Glass,Blue,BrandD
Table,Metal,Green,BrandC
Table,Plastic,Brown,BrandB
Table,Wood,White,BrandC
Sofa,Fabric,Green,BrandC
Chair,Plastic,Brown,BrandD
Sofa,Plastic,White,BrandC
Table,Metal,White,BrandB
Table,Plastic,Blue,BrandB
Table,Wood,Blue,BrandB
Bed,Fabric,Black,BrandD
Chair,Glass,Red,BrandC
Sofa,Fabric,Green,BrandA
Table,Wood,Black,BrandC
Desk,Metal,Black,BrandB
Chair,Wood,Green,BrandC
Desk,Plastic,Brown,BrandD
Chair,Metal,Green,BrandC
Table,Glass,White,BrandD
Chair,Glass,Red,BrandA
Chair,Wood,Brown,BrandA
Table,Plastic,Blue,BrandD
Desk,Glass,Red,BrandC
Desk,Fabric,Red,BrandB
Bed,Metal,Blue,BrandD
Desk,Fabric,Red,BrandC
Desk,Glass,Brown,BrandC
Chair,Glass,Brown,BrandC
Bed,Wood,Brown,BrandB
Table,Wood,Black,BrandB
Table,Metal,Black,BrandB
Sofa,Wood,Brown,BrandD
Bed,Plastic,Blue,BrandD
Chair,Metal,Blue,BrandB
Sofa,Plastic,Green,BrandD
Sofa,Wood,Green,BrandB
Table,Metal,Brown,BrandD
Desk,Glass,Red,BrandC
Chair,Fabric,Red,BrandB
Bed,Glass,Blue,BrandD
Sofa,Plastic,Red,BrandC
Chair,Glass,White,BrandC
Table,Glass,Black,BrandD
Sofa,Fabric,Red,BrandC
Sofa,Fabric,Red,BrandA
Table,Glass,Green,BrandB
Table,Fabric,White,BrandB
Table,Glass,Red,BrandC
Chair,Metal,Black,BrandD
Chair,Glass,Red,BrandA
Chair,Wood,Blue,BrandD
Desk,Fabric,White,BrandB
Sofa,Fabric,Red,BrandC
Chair,Plastic,White,BrandA
Desk,Plastic,Red,BrandC
Sofa,Wood,Black,BrandA
Chair,Fabric,Black,BrandC
Table,Fabric,White,BrandD
Bed,Plastic,Brown,BrandB
Chair,Plastic,Green,BrandC
Bed,Glass,Green,BrandC
Chair,Fabric,Blue,BrandA
Table,Fabric,Brown,BrandD
Bed,Glass,Green,BrandD
Desk,Fabric,White,BrandA
Table,Wood,Green,BrandD
Bed,Plastic,Blue,BrandB
Bed,Plastic,Red,BrandC
Table,Plastic,Green,BrandA
Table,Metal,White,BrandD
Table,Wood,White,BrandB
Sofa,Wood,Blue,BrandB
Desk,Glass,Blue,BrandD
Chair,Metal,Black,BrandD
Bed,Fabric,Black,BrandA
Chair,Wood,Black,BrandD
Table,Metal,Red,BrandA
Desk,Metal,White,BrandC
Desk,Wood,Black,BrandB
Sofa,Glass,White,BrandA
Table,Metal,Blue,BrandB
Bed,Plastic,Red,BrandC
Sofa,Metal,Blue,BrandD
Table,Fabric,White,BrandA
Sofa,Wood,Brown,BrandD
Chair,Fabric,Brown,BrandB
Table,Glass,Black,BrandA
Bed,Plastic,Brown,BrandC
Bed,Wood,Blue,BrandC
Table,Metal,Brown,BrandD
Sofa,Plastic,Green,BrandC
Desk,Metal,Red,BrandC
Table,Glass,White,BrandD
Bed,Wood,Black,BrandD
Chair,Glass,Blue,BrandA
Bed,Glass,Red,BrandA
Desk,Glass,Black,BrandD
Bed,Glass,Blue,BrandB
Desk,Metal,Brown,BrandB
Table,Fabric,White,BrandA
Bed,Metal,Green,BrandA
Sofa,Plastic,Green,BrandD
Sofa,Glass,Brown,BrandB
Bed,Plastic,White,BrandD
Bed,Metal,Red,BrandA
Chair,Glass,White,BrandC
Bed,Metal,Brown,BrandC
Chair,Glass,Blue,BrandC
Chair,Metal,Red,BrandD
Chair,Wood,Green,BrandB
Chair,Fabric,Brown,BrandA
Table,Fabric,Blue,BrandB
Sofa,Glass,Brown,BrandB
Chair,Wood,Black,BrandA
Sofa,Plastic,Black,BrandB
Chair,Wood,Black,BrandC
Sofa,Glass,Green,BrandA
Bed,Wood,White,BrandC
Bed,Plastic,Red,BrandD
Sofa,Glass,Green,BrandC
Chair,Fabric,Blue,BrandD
Table,Wood,Blue,BrandD
Sofa,Fabric,Black,BrandA
Desk,Fabric,Red,BrandC
Table,Metal,Black,BrandC
Desk,Plastic,Blue,BrandC
Sofa,Wood,Blue,BrandA
Chair,Fabric,White,BrandD
Desk,Fabric,White,BrandD
Sofa,Plastic,White,BrandD
Table,Fabric,Black,BrandA
Chair,Fabric,Brown,BrandA
Desk,Fabric,Red,BrandB
Sofa,Fabric,White,BrandC
Chair,Metal,Green,BrandD
Chair,Metal,White,BrandB
Bed,Glass,Black,BrandB
Chair,Wood,Red,BrandC
Sofa,Plastic,White,BrandA
Table,Glass,Red,BrandB
Bed,Metal,Green,BrandA
Sofa,Metal,Blue,BrandA
Sofa,Metal,Red,BrandC
Sofa,Glass,Brown,BrandB
Desk,Metal,White,BrandD
Desk,Glass,Black,BrandB
Table,Metal,Brown,BrandD
Sofa,Fabric,Brown,BrandD
Desk,Fabric,Black,BrandA
Desk,Wood,Black,BrandD
Desk,Metal,Black,BrandC
Table,Wood,Brown,BrandB
Table,Glass,Red,BrandA
Sofa,Wood,Black,BrandA
Bed,Metal,Blue,BrandD
Sofa,Glass,Brown,BrandA
Desk,Glass,Brown,BrandC
Desk,Fabric,Brown,BrandC
Chair,Glass,Green,BrandA
Sofa,Glass,Red,BrandA
Desk,Wood,Red,BrandC
Desk,Glass,Black,BrandD
Bed,Plastic,Brown,BrandA
Chair,Fabric,Brown,BrandD
Sofa,Fabric,Black,BrandA
Table,Glass,Red,BrandC
Sofa,Wood,Black,BrandA
Sofa,Fabric,Black,BrandA
Bed,Fabric,Black,BrandA
Sofa,Plastic,Black,BrandC
Bed,Glass,Black,BrandC
Bed,Fabric,White,BrandC
Desk,Fabric,White,BrandB
Table,Fabric,Brown,BrandB
Bed,Fabric,Brown,BrandB
Chair,Wood,White,BrandB
Chair,Metal,Red,BrandC
Table,Plastic,Green,BrandA
Bed,Wood,Red,BrandC
Table,Plastic,Brown,BrandB
Desk,Fabric,White,BrandD
Chair,Plastic,Red,BrandD
Sofa,Glass,Green,BrandC
Chair,Glass,Black,BrandA
Bed,Metal,Blue,BrandB
Table,Metal,White,BrandA
Chair,Plastic,White,BrandA
Sofa,Wood,Green,BrandA
Sofa,Wood,Black,BrandB
Table,Fabric,Black,BrandC
Table,Wood,Blue,BrandB
Chair,Metal,Black,BrandB
Bed,Wood,Green,BrandC
Desk,Fabric,Brown,BrandC
Sofa,Glass,Black,BrandC
Table,Wood,Brown,BrandD
Desk,Wood,Brown,BrandD
Desk,Metal,Green,BrandC
Desk,Plastic,White,BrandA
Bed,Glass,White,BrandD
Table,Plastic,White,BrandB
Sofa,Fabric,Red,BrandB
Table,Fabric,White,BrandD
Chair,Plastic,Green,BrandB
Sofa,Metal,Blue,BrandC
Table,Metal,Black,BrandB
Sofa,Metal,White,BrandD
Chair,Glass,Red,BrandA
Sofa,Fabric,Brown,BrandB
Desk,Fabric,Red,BrandB
Bed,Fabric,Green,BrandA
Chair,Glass,Blue,BrandD
Sofa,Fabric,White,BrandA
Chair,Plastic,White,BrandB
Desk,Wood,Red,BrandD
Bed,Glass,Green,BrandC
Chair,Wood,Red,BrandD
Desk,Plastic,Red,BrandD
Desk,Metal,Blue,BrandC
Desk,Metal,Green,BrandD
Sofa,Metal,Blue,BrandB
Table,Glass,Green,BrandB
Chair,Metal,White,BrandB
Table,Glass,Black,BrandB
Desk,Glass,Brown,BrandC
Table,Wood,Black,BrandB
Desk,Metal,Green,BrandD
Desk,Fabric,Black,BrandA
Bed,Metal,Red,BrandC
Bed,Metal,White,BrandC
Table,Metal,Brown,BrandA
Chair,Fabric,Brown,BrandB
Table,Fabric,Brown,BrandB
Chair,Glass,White,BrandD
Table,Fabric,Black,BrandB
Sofa,Glass,Brown,BrandB
Sofa,Wood,Brown,BrandD
Chair,Glass,Green,BrandB
Bed,Metal,Red,BrandA
Chair,Plastic,Green,BrandB
Table,Plastic,Black,BrandA
Desk,Metal,White,BrandA
Sofa,Glass,White,BrandA
Desk,Metal,Green,BrandB
Sofa,Fabric,Blue,BrandB
Table,Glass,Green,BrandC
Sofa,Metal,Blue,BrandD
Chair,Fabric,Green,BrandD
Desk,Fabric,Blue,BrandC
Desk,Glass,Blue,BrandA
Table,Wood,Brown,BrandD
Desk,Wood,Brown,BrandC
Table,Fabric,Blue,BrandA
Bed,Wood,Blue,BrandC
Chair,Fabric,Red,BrandB
Sofa,Wood,Blue,BrandB
Sofa,Fabric,Brown,BrandA
Sofa,Fabric,Blue,BrandA
Bed,Fabric,White,BrandB
Chair,Fabric,Red,BrandD
Desk,Plastic,Blue,BrandD
Desk,Wood,Brown,BrandB
Chair,Fabric,Brown,BrandD
Chair,Metal,Black,BrandB
Sofa,Glass,Brown,BrandC
Desk,Metal,Red,BrandC
Chair,Metal,Brown,BrandC
Desk,Plastic,White,BrandD
Chair,Wood,Green,BrandC
Table,Plastic,White,BrandA
Sofa,Wood,White,BrandA
Chair,Fabric,Red,BrandC
Bed,Plastic,Red,BrandA
Chair,Glass,Black,BrandC
Table,Wood,Brown,BrandC
Bed,Plastic,Black,BrandB
Bed,Glass,Red,BrandC
Chair,Metal,Brown,BrandA
Table,Fabric,Red,BrandD
Bed,Fabric,Red,BrandC
Sofa,Metal,Green,BrandB
Sofa,Plastic,White,BrandA
Desk,Metal,Black,BrandB
Desk,Glass,Black,BrandC
Table,Wood,Blue,BrandC
Bed,Plastic,Green,BrandC
Sofa,Wood,Red,BrandC
Sofa,Metal,Red,BrandA
Table,Fabric,Green,BrandD
Bed,Wood,Brown,BrandC
Table,Wood,Black,BrandB
Chair,Fabric,Red,BrandA
Sofa,Wood,Blue,BrandA
Table,Wood,Black,BrandA
Table,Fabric,White,BrandB
Chair,Fabric,Green,BrandD
Desk,Metal,Black,BrandB
Sofa,Metal,White,BrandB
Table,Wood,Blue,BrandB
Sofa,Plastic,Brown,BrandC
Desk,Metal,Green,BrandC
Table,Metal,Brown,BrandB
Chair,Plastic,Red,BrandB
Sofa,Plastic,Brown,BrandC
Chair,Fabric,Red,BrandC
Desk,Metal,White,BrandD
Desk,Glass,Black,BrandB
Sofa,Glass,Blue,BrandA
Desk,Wood,White,BrandD
Bed,Metal,Blue,BrandA
Sofa,Glass,Brown,BrandD
Bed,Metal,Blue,BrandB
Desk,Metal,Brown,BrandA
Sofa,Glass,Blue,BrandC
Bed,Metal,Green,BrandD
Desk,Plastic,White,BrandA
Table,Wood,Green,BrandD
Table,Fabric,Black,BrandB
Chair,Glass,Black,BrandA
Table,Fabric,Red,BrandA
Bed,Wood,Red,BrandA
Table,Plastic,Red,BrandD
Sofa,Plastic,Black,BrandC
Sofa,Plastic,Blue,BrandC
Sofa,Plastic,Brown,BrandC
Table,Glass,Blue,BrandB
Table,Glass,White,BrandA
Chair,Metal,Black,BrandC
Desk,Metal,Brown,BrandC
Chair,Wood,Brown,BrandA
Bed,Metal,Brown,BrandB
Sofa,Wood,Red,BrandD
Table,Wood,Brown,BrandD
Desk,Wood,Brown,BrandD
Desk,Plastic,Black,BrandA
Table,Fabric,Blue,BrandB
Chair,Fabric,Blue,BrandA
Desk,Glass,Green,BrandD
Chair,Wood,Green,BrandC
Table,Plastic,White,BrandC
Chair,Metal,Black,BrandC
Sofa,Metal,Green,BrandD
Table,Glass,Green,BrandB
Table,Glass,Black,BrandD
Desk,Wood,Blue,BrandA
Desk,Wood,White,BrandB
Desk,Metal,White,BrandC
Sofa,Metal,White,BrandB
Sofa,Metal,Green,BrandB
Bed,Metal,Blue,BrandD
Table,Fabric,White,BrandB
Desk,Wood,Black,BrandD
Table,Wood,White,BrandA
Chair,Metal,Red,BrandB
Sofa,Plastic,Blue,BrandB
Bed,Metal,Red,BrandB
Chair,Glass,Blue,BrandC
Table,Plastic,Brown,BrandD
Sofa,Glass,Black,BrandD
Desk,Plastic,Brown,BrandC
Chair,Glass,Green,BrandD
Sofa,Metal,Green,BrandA
Table,Metal,Brown,BrandC
Table,Plastic,Blue,BrandD
Chair,Glass,White,BrandA
Chair,Fabric,Red,BrandD
Chair,Plastic,Black,BrandC
Bed,Plastic,White,BrandD
Desk,Wood,Green,BrandA
Sofa,Plastic,White,BrandA
Table,Fabric,Brown,BrandA
Table,Metal,Brown,BrandD
Desk,Glass,Red,BrandC
Chair,Wood,Green,BrandD
Chair,Glass,Blue,BrandB
Table,Metal,Black,BrandC
Desk,Plastic,Brown,BrandB
Table,Fabric,Black,BrandD
Chair,Wood,Green,BrandC
Sofa,Fabric,Blue,BrandB
Chair,Fabric,Brown,BrandD
Sofa,Fabric,Red,BrandC
Bed,Fabric,Black,BrandA
Desk,Metal,Green,BrandA
Bed,Fabric,Black,BrandA
Chair,Fabric,Blue,BrandB
Desk,Metal,Red,BrandB
Chair,Glass,Blue,BrandD
Desk,Metal,Brown,BrandA
Desk,Plastic,White,BrandB
Chair,Metal,Blue,BrandA
Chair,Glass,Blue,BrandD
Desk,Plastic,Black,BrandC
Desk,Plastic,Blue,BrandB
Chair,Wood,Green,BrandB
Chair,Fabric,Brown,BrandC
Table,Plastic,Black,BrandB
Table,Plastic,Black,BrandD
Table,Glass,White,BrandB
Bed,Plastic,Brown,BrandB
Desk,Glass,Green,BrandC
Sofa,Fabric,Brown,BrandD
Bed,Wood,Blue,BrandA
Desk,Wood,White,BrandA
Sofa,Fabric,Green,BrandC
Table,Fabric,White,BrandD
Sofa,Metal,Brown,BrandC
Chair,Plastic,Red,BrandC
Chair,Plastic,Brown,BrandA
Desk,Plastic,Blue,BrandD
Bed,Glass,White,BrandD
Table,Metal,Red,BrandC
Desk,Plastic,Blue,BrandA
Table,Glass,White,BrandD
Chair,Glass,White,BrandC
Bed,Wood,Brown,BrandB
Bed,Glass,White,BrandA
Chair,Fabric,White,BrandD
Sofa,Glass,Black,BrandD
Bed,Fabric,White,BrandD
Sofa,Fabric,Brown,BrandA
Table,Wood,Black,BrandC
Bed,Wood,Black,BrandB
Chair,Glass,Red,BrandD
Sofa,Wood,Blue,BrandA
Table,Wood,Black,BrandD
Table,Plastic,Green,BrandC
Bed,Glass,Black,BrandB
Bed,Glass,Green,BrandD
Desk,Glass,Red,BrandA
Desk,Wood,Green,BrandC
Bed,Wood,Red,BrandB
Desk,Fabric,Red,BrandA
Chair,Metal,Red,BrandD
Chair,Metal,Green,BrandA
Desk,Metal,Green,BrandB
Bed,Plastic,Red,BrandC
Chair,Wood,Red,BrandC
Table,Fabric,Blue,BrandD
Bed,Fabric,Red,BrandD
Sofa,Metal,White,BrandD
Sofa,Plastic,Blue,BrandD
Bed,Plastic,Blue,BrandB
Desk,Metal,Blue,BrandD
Chair,Metal,White,BrandA
Chair,Wood,Blue,BrandB
Bed,Plastic,Blue,BrandB
Table,Fabric,Green,BrandD
Desk,Metal,Brown,BrandB
Table,Wood,Green,BrandA
Bed,Fabric,Red,BrandB
Bed,Plastic,Red,BrandB
Table,Metal,Black,BrandA
Sofa,Metal,Brown,BrandA
Bed,Wood,White,BrandB
Desk,Wood,Green,BrandC
Table,Plastic,Red,BrandB
Sofa,Metal,White,BrandA
Table,Wood,Blue,BrandA
Sofa,Metal,White,BrandA
Sofa,Plastic,Green,BrandC
Desk,Metal,Brown,BrandA
Bed,Fabric,Black,BrandD
Sofa,Metal,Green,BrandD
Bed,Glass,Brown,BrandC
Desk,Glass,Red,BrandA
Bed,Plastic,Red,BrandA
Chair,Plastic,White,BrandD
Sofa,Plastic,Green,BrandD
Desk,Fabric,Red,BrandB
Table,Fabric,Blue,BrandC
Desk,Metal,Blue,BrandB
Sofa,Wood,Black,BrandC
Desk,Glass,White,BrandA
Table,Glass,Red,BrandA
Chair,Glass,Black,BrandC
Sofa,Metal,Blue,BrandB
Sofa,Metal,Black,BrandD
Desk,Plastic,Black,BrandC
Bed,Wood,Red,BrandC
Bed,Plastic,Red,BrandC
Table,Metal,Red,BrandA
Chair,Fabric,White,BrandC
Chair,Plastic,Black,BrandA
Desk,Metal,Black,BrandD
Desk,Metal,White,BrandD
Bed,Fabric,Blue,BrandB
Chair,Fabric,Green,BrandA
Chair,Fabric,Blue,BrandD
Chair,Wood,White,BrandD
Table,Metal,Black,BrandB
Table,Fabric,Black,BrandB
Desk,Wood,Red,BrandB
Bed,Glass,Red,BrandA
Sofa,Glass,Black,BrandC
Bed,Glass,Black,BrandA
Table,Metal,Brown,BrandB
Table,Wood,Red,BrandC
Desk,Wood,Red,BrandD
Sofa,Glass,Blue,BrandA
Chair,Plastic,Black,BrandB
Sofa,Glass,Black,BrandB
Sofa,Metal,White,BrandC
Sofa,Glass,Blue,BrandA
Desk,Glass,Green,BrandD
Table,Wood,Green,BrandD
Chair,Glass,Green,BrandC
Sofa,Fabric,Brown,BrandC
Chair,Fabric,Red,BrandD
Sofa,Plastic,Green,BrandC
Table,Metal,White,BrandC
Chair,Metal,Red,BrandA
Bed,Wood,Red,BrandC
Table,Metal,Green,BrandB
Chair,Plastic,Red,BrandB
Sofa,Fabric,Blue,BrandB
Sofa,Wood,Blue,BrandC
Table,Fabric,Green,BrandD
Table,Plastic,White,BrandB
Sofa,Wood,Red,BrandA
Chair,Glass,Black,BrandC
Bed,Metal,Green,BrandD
Desk,Plastic,Brown,BrandD
Table,Wood,Red,BrandC
Sofa,Fabric,Green,BrandC
Chair,Wood,Green,BrandA
Table,Glass,White,BrandC
Chair,Plastic,Black,BrandC
Table,Wood,Red,BrandD
Sofa,Plastic,Green,BrandB
Chair,Plastic,Green,BrandB
Sofa,Fabric,Red,BrandD
Chair,Metal,Green,BrandC
Table,Glass,Green,BrandA
Desk,Wood,Green,BrandB
Desk,Metal,Blue,BrandC
Bed,Fabric,Blue,BrandB
Bed,Metal,Black,BrandD
Sofa,Plastic,White,BrandB
Chair,Plastic,Red,BrandD
Bed,Glass,White,BrandD
Table,Wood,White,BrandD
Desk,Wood,Blue,BrandA
Chair,Fabric,Black,BrandC
Desk,Glass,White,BrandD
Chair,Wood,White,BrandD
Bed,Plastic,Green,BrandB
Bed,Glass,Red,BrandC
Sofa,Metal,Black,BrandA
Chair,Glass,Red,BrandA
Table,Glass,Blue,BrandB
Bed,Wood,White,BrandA
Sofa,Fabric,White,BrandB
Bed,Fabric,Brown,BrandC
Desk,Wood,Red,BrandB
Bed,Wood,Blue,BrandB
Chair,Wood,Brown,BrandD
Sofa,Fabric,Brown,BrandA
Chair,Wood,Green,BrandC
Table,Metal,Brown,BrandC
Table,Metal,Brown,BrandD
Bed,Plastic,Green,BrandB
Sofa,Metal,White,BrandC
Sofa,Glass,White,BrandC
Sofa,Plastic,Black,BrandB
Sofa,Metal,Brown,BrandB
Bed,Glass,Red,BrandC
Chair,Metal,White,BrandB
Bed,Glass,Blue,BrandA
Chair,Wood,Red,BrandC
Desk,Glass,Black,BrandB
Desk,Wood,Brown,BrandC
Chair,Glass,Green,BrandC
Bed,Glass,Black,BrandD
Table,Metal,Red,BrandA
Bed,Glass,Green,BrandA
Table,Metal,Blue,BrandD
Bed,Glass,Green,BrandD
Sofa,Fabric,Green,BrandC
Sofa,Plastic,Blue,BrandA
Desk,Metal,White,BrandD
Desk,Metal,White,BrandB
Chair,Wood,Green,BrandC
Table,Fabric,Green,BrandA
Sofa,Wood,Black,BrandC
Bed,Fabric,White,BrandC
Chair,Fabric,Blue,BrandB
Bed,Glass,Brown,BrandB
Sofa,Wood,Brown,BrandD
Sofa,Plastic,Green,BrandB
Sofa,Fabric,Green,BrandA
Sofa,Fabric,Brown,BrandD
Bed,Metal,Black,BrandA
Chair,Glass,Black,BrandA
Sofa,Plastic,Black,BrandD
Desk,Fabric,Red,BrandB
Chair,Metal,Blue,BrandC
Desk,Wood,Red,BrandB
Bed,Fabric,Green,BrandA
Sofa,Metal,Black,BrandA
Chair,Wood,Black,BrandD
Sofa,Glass,Brown,BrandA
Sofa,Wood,Brown,BrandD
Chair,Fabric,Black,BrandD
Sofa,Plastic,White,BrandB
Sofa,Wood,Brown,BrandA
Table,Plastic,Blue,BrandB
Table,Plastic,Red,BrandC
Chair,Wood,Blue,BrandB
Chair,Glass,Brown,BrandA
Sofa,Wood,Black,BrandC
Desk,Metal,Green,BrandA
Chair,Plastic,White,BrandC
Sofa,Fabric,Brown,BrandA
Desk,Plastic,Blue,BrandB
Table,Fabric,Green,BrandA
Chair,Metal,Brown,BrandD
Sofa,Metal,Black,BrandD
Table,Metal,Black,BrandB
Bed,Wood,Black,BrandB
Table,Plastic,Black,BrandC
Sofa,Fabric,Brown,BrandB
Desk,Metal,White,BrandD
Bed,Metal,White,BrandB
Bed,Fabric,Blue,BrandD
Bed,Plastic,Brown,BrandB
Chair,Plastic,Black,BrandD
Sofa,Fabric,White,BrandC
Bed,Glass,Brown,BrandA
Table,Plastic,Green,BrandA
Desk,Fabric,White,BrandD
Sofa,Fabric,White,BrandB
Table,Metal,Blue,BrandB
Chair,Fabric,White,BrandA
Bed,Wood,Green,BrandD
Table,Metal,Black,BrandB
Sofa,Metal,Red,BrandA
Table,Plastic,Blue,BrandD
Chair,Glass,Green,BrandC
Desk,Plastic,Blue,BrandB
Bed,Wood,Brown,BrandB
Sofa,Metal,Black,BrandD
Bed,Metal,White,BrandA
Bed,Fabric,Brown,BrandD
Bed,Glass,White,BrandA
Table,Glass,Green,BrandD
Table,Fabric,Black,BrandC
Desk,Wood,Red,BrandB
Chair,Glass,Red,BrandA
Sofa,Metal,White,BrandC
Table,Wood,Brown,BrandD
Bed,Plastic,Black,BrandA
Chair,Plastic,Black,BrandA
Sofa,Wood,Green,BrandC
Sofa,Metal,Brown,BrandD
Sofa,Plastic,Red,BrandC
Sofa,Metal,Green,BrandD
Desk,Fabric,Blue,BrandC
Sofa,Glass,Black,BrandC
Chair,Wood,Red,BrandC
Table,Glass,Green,BrandC
Chair,Fabric,White,BrandD
Bed,Plastic,Blue,BrandB
Desk,Metal,Green,BrandC
Desk,Metal,White,BrandD
Bed,Fabric,Red,BrandB
Chair,Wood,Red,BrandA
Chair,Glass,Blue,BrandA
Bed,Plastic,White,BrandC
Sofa,Wood,Black,BrandA
Sofa,Fabric,Red,BrandC
Table,Fabric,Brown,BrandC
Chair,Metal,Black,BrandB
Chair,Plastic,Black,BrandA
Bed,Wood,Green,BrandC
Bed,Metal,Green,BrandA
Sofa,Plastic,Red,BrandB
Chair,Glass,Black,BrandA
Chair,Glass,Green,BrandB
Desk,Metal,White,BrandB
Table,Wood,White,BrandB
Table,Plastic,White,BrandC
Sofa,Glass,White,BrandD
Chair,Glass,Black,BrandC
Desk,Wood,White,BrandA
Chair,Metal,Black,BrandC
Bed,Fabric,Red,BrandC
Sofa,Plastic,Red,BrandD
Table,Glass,White,BrandA
Chair,Fabric,White,BrandB
Sofa,Wood,White,BrandB
Table,Metal,Red,BrandA
Chair,Plastic,Green,BrandC
Desk,Wood,Red,BrandD
Sofa,Metal,White,BrandD
Chair,Wood,Green,BrandA
Table,Glass,Green,BrandA
Table,Glass,Blue,BrandC
Desk,Fabric,Black,BrandD
Sofa,Wood,White,BrandA
Sofa,Glass,Black,BrandC
Chair,Metal,Blue,BrandC
Table,Fabric,Black,BrandA
Table,Plastic,White,BrandD
Desk,Wood,Blue,BrandB
Desk,Glass,Black,BrandC
Sofa,Metal,Red,BrandB
Table,Wood,Green,BrandC
Chair,Metal,Blue,BrandD
Bed,Fabric,Red,BrandB
Chair,Glass,White,BrandA
Desk,Glass,Green,BrandC
Chair,Fabric,Blue,BrandA
Table,Metal,Green,BrandA
Sofa,Wood,Brown,BrandD
Bed,Metal,Brown,BrandA
Sofa,Wood,Blue,BrandC
Bed,Fabric,Blue,BrandA
Bed,Plastic,Black,BrandA
Table,Wood,Green,BrandC
Table,Glass,Brown,BrandA
Desk,Glass,Brown,BrandD
Desk,Glass,Green,BrandC
Bed,Metal,Brown,BrandD
Desk,Metal,Red,BrandA
Table,Metal,Brown,BrandB
Desk,Glass,Brown,BrandD
Bed,Wood,White,BrandD
Sofa,Glass,Red,BrandA
Chair,Wood,Black,BrandB
Desk,Metal,Blue,BrandC
Table,Plastic,Brown,BrandB
Sofa,Metal,Black,BrandC
Table,Fabric,Black,BrandA
Desk,Wood,Red,BrandB
Bed,Plastic,Blue,BrandA
Chair,Metal,White,BrandD
Chair,Plastic,Black,BrandB
Sofa,Glass,White,BrandC
Chair,Wood,Blue,BrandD
Bed,Fabric,Blue,BrandC
Table,Glass,Red,BrandD
Bed,Plastic,Green,BrandC
Sofa,Metal,Brown,BrandC
Sofa,Wood,Red,BrandA
Chair,Fabric,White,BrandD
Bed,Metal,Red,BrandA
Table,Fabric,Blue,BrandA
Bed,Wood,Black,BrandA
Table,Plastic,Brown,BrandA
Table,Fabric,Brown,BrandC
Bed,Wood,Green,BrandA
Desk,Fabric,Blue,BrandA
Bed,Metal,Brown,BrandA
Table,Fabric,Brown,BrandC
Sofa,Metal,Black,BrandD
Sofa,Metal,White,BrandC
Chair,Wood,White,BrandC
Sofa,Glass,White,BrandC
Desk,Fabric,Red,BrandD
Table,Plastic,White,BrandA
Bed,Metal,White,BrandA
Bed,Glass,Red,BrandD
Desk,Metal,Black,BrandD
Sofa,Glass,Blue,BrandB
Table,Glass,Brown,BrandA
Sofa,Plastic,Green,BrandC
Chair,Glass,Brown,BrandC
Sofa,Plastic,White,BrandA
Chair,Wood,White,BrandD
Bed,Metal,Brown,BrandB
Table,Plastic,Brown,BrandC
Chair,Metal,White,BrandB
Sofa,Fabric,Red,BrandC
Sofa,Wood,Red,BrandC
Bed,Fabric,Red,BrandA
Desk,Fabric,Green,BrandC
Desk,Glass,Blue,BrandB
Sofa,Glass,White,BrandB
Desk,Fabric,Black,BrandA
Table,Glass,Brown,BrandC
Desk,Metal,Brown,BrandB
Table,Glass,White,BrandD
Sofa,Fabric,White,BrandA
Sofa,Glass,White,BrandD
Sofa,Glass,Brown,BrandB
Bed,Plastic,White,BrandD
Desk,Plastic,Brown,BrandA
Chair,Fabric,Blue,BrandD
Chair,Metal,Black,BrandB
Sofa,Wood,Red,BrandD
Desk,Wood,Black,BrandD
Table,Fabric,White,BrandD
Chair,Metal,Black,BrandC
Sofa,Metal,White,BrandB
Chair,Metal,Black,BrandD
Chair,Plastic,Green,BrandB
Chair,Fabric,Black,BrandD
Sofa,Wood,Red,BrandA
Sofa,Metal,Red,BrandA
Bed,Fabric,Black,BrandA
Bed,Wood,Brown,BrandD
Bed,Plastic,Brown,BrandB
Chair,Glass,Brown,BrandA
Desk,Wood,Black,BrandC
Sofa,Wood,Brown,BrandA
Bed,Wood,Blue,BrandA
Desk,Glass,Black,BrandC
Bed,Metal,Red,BrandA
Bed,Glass,Brown,BrandD
Desk,Wood,Green,BrandD
Bed,Plastic,Brown,BrandA
Chair,Wood,Red,BrandB
Chair,Plastic,Blue,BrandB
Chair,Fabric,Black,BrandA
Table,Plastic,Brown,BrandC
Bed,Wood,Green,BrandD
Table,Glass,Red,BrandD
Sofa,Wood,Green,BrandD
Desk,Wood,White,BrandA
Sofa,Fabric,Red,BrandD
Table,Metal,White,BrandA
Chair,Wood,Green,BrandA
Bed,Fabric,Black,BrandB
Bed,Glass,Black,BrandC
Chair,Fabric,Black,BrandC
Bed,Fabric,White,BrandC
Desk,Plastic,Black,BrandD
Desk,Metal,Blue,BrandB
Desk,Metal,Red,BrandB
Sofa,Glass,Red,BrandA
Chair,Fabric,Green,BrandB
Desk,Glass,Brown,BrandA
Table,Glass,White,BrandB
Desk,Metal,Red,BrandA
Sofa,Metal,White,BrandD
Table,Metal,Green,BrandB
Chair,Wood,Black,BrandC
Chair,Fabric,Brown,BrandA
Desk,Glass,Green,BrandB
Table,Fabric,Blue,BrandB
Table,Glass,Black,BrandA
Desk,Glass,Black,BrandB
Desk,Glass,Black,BrandC
Bed,Glass,Green,BrandA
Bed,Plastic,Blue,BrandA
Desk,Plastic,Brown,BrandA
Sofa,Wood,White,BrandA
Bed,Metal,Green,BrandA
Desk,Glass,Red,BrandC
Table,Fabric,Red,BrandA
Bed,Plastic,Green,BrandC
Sofa,Metal,White,BrandC
Chair,Wood,Red,BrandC
Table,Metal,White,BrandA
Sofa,Glass,Black,BrandC
Sofa,Metal,Green,BrandA
Sofa,Glass,Black,BrandC
Table,Plastic,Red,BrandA
Sofa,Plastic,White,BrandB
Chair,Glass,Black,BrandB
Bed,Fabric,Red,BrandC
Table,Plastic,Blue,BrandD
Sofa,Fabric,Black,BrandD
Desk,Glass,Blue,BrandB
Bed,Glass,Blue,BrandC
Table,Plastic,Brown,BrandC
Desk,Fabric,Red,BrandC
Desk,Glass,Green,BrandD
Sofa,Plastic,White,BrandB
Table,Glass,Red,BrandC
Sofa,Metal,Brown,BrandB
Chair,Metal,Brown,BrandB
Desk,Plastic,Black,BrandA
Chair,Glass,White,BrandD
Sofa,Plastic,Brown,BrandB
Bed,Wood,Green,BrandA
Desk,Plastic,Red,BrandD
Bed,Plastic,Green,BrandC
Table,Metal,Black,BrandC
Desk,Metal,Red,BrandA
Chair,Glass,Black,BrandC
Bed,Plastic,White,BrandA
Table,Plastic,White,BrandA
Desk,Glass,Green,BrandC
Table,Fabric,Green,BrandD
Chair,Glass,White,BrandA
Desk,Metal,Blue,BrandD
Table,Metal,White,BrandD
Sofa,Plastic,Red,BrandA
Desk,Metal,Black,BrandD
Desk,Glass,White,BrandA
Desk,Plastic,White,BrandC
Desk,Glass,Brown,BrandC
Sofa,Glass,Black,BrandC
Chair,Plastic,Brown,BrandC
Sofa,Fabric,Black,BrandC
Sofa,Metal,Red,BrandD
Table,Wood,Black,BrandD
Bed,Wood,Green,BrandD
Bed,Wood,White,BrandB
Table,Metal,Black,BrandB
Sofa,Fabric,Red,BrandA
Table,Glass,Black,BrandB
Desk,Plastic,White,BrandC
Table,Fabric,Blue,BrandC
Table,Wood,Black,BrandC
Desk,Metal,Green,BrandA
Bed,Metal,White,BrandA
Desk,Plastic,Red,BrandA
Chair,Glass,White,BrandA
Table,Fabric,Brown,BrandD
Table,Fabric,Blue,BrandA
Bed,Fabric,Red,BrandA
Sofa,Glass,Blue,BrandB
Desk,Glass,Blue,BrandD
Sofa,Glass,Green,BrandC
Chair,Plastic,Black,BrandB
Desk,Metal,Green,BrandA
Chair,Wood,Green,BrandC
Chair,Glass,Brown,BrandC
Chair,Metal,Green,BrandC
Desk,Glass,Red,BrandB
Desk,Wood,Black,BrandD
Bed,Glass,Black,BrandD
Table,Metal,Red,BrandC
Sofa,Plastic,Green,BrandA
Sofa,Wood,Green,BrandD
Chair,Metal,Blue,BrandD
Desk,Fabric,Blue,BrandA
Desk,Fabric,Brown,BrandB
Chair,Fabric,White,BrandB
Table,Plastic,Blue,BrandA
Sofa,Glass,Black,BrandB
Bed,Glass,Red,BrandC
Table,Glass,Green,BrandD
Desk,Plastic,White,BrandB
Chair,Fabric,Blue,BrandC
Sofa,Glass,White,BrandC
Chair,Plastic,Red,BrandC
Desk,Plastic,Red,BrandC
Chair,Metal,White,BrandC
Sofa,Glass,White,BrandA
Chair,Fabric,Brown,BrandD
Sofa,Wood,White,BrandD
Chair,Plastic,Green,BrandA
Chair,Metal,Black,BrandA
Sofa,Wood,Blue,BrandC
Chair,Plastic,Blue,BrandB
Table,Metal,Blue,BrandD
Bed,Glass,White,BrandB
Table,Metal,White,BrandD
Bed,Plastic,Brown,BrandC
Table,Glass,White,BrandB
Bed,Fabric,Brown,BrandD
Chair,Metal,Brown,BrandD
Sofa,Wood,Green,BrandC
Sofa,Glass,Green,BrandB
Desk,Glass,Green,BrandC
Bed,Fabric,Green,BrandB
Desk,Metal,Red,BrandB
Desk,Wood,Green,BrandD
Bed,Fabric,Green,BrandA
Sofa,Metal,Green,BrandB
Bed,Wood,Brown,BrandB
Chair,Wood,Blue,BrandC
Desk,Plastic,Blue,BrandB
Desk,Wood,Blue,BrandB
Bed,Metal,Black,BrandB
Desk,Fabric,Red,BrandB
Sofa,Fabric,Brown,BrandB
Desk,Plastic,White,BrandA
Bed,Metal,Brown,BrandD
Sofa,Wood,Green,BrandB
Sofa,Plastic,Blue,BrandC
Desk,Glass,Brown,BrandC
Bed,Metal,Red,BrandB
Desk,Plastic,Green,BrandB
Chair,Fabric,Black,BrandB
Chair,Plastic,White,BrandA
Sofa,Glass,Green,BrandD
Desk,Metal,White,BrandC
Chair,Plastic,Brown,BrandA
Table,Wood,Green,BrandA
Chair,Metal,Black,BrandB
Desk,Plastic,Brown,BrandD
Desk,Plastic,Red,BrandB
Chair,Metal,White,BrandC
Desk,Fabric,White,BrandD
Desk,Wood,Red,BrandB
Table,Metal,White,BrandC
Sofa,Wood,Brown,BrandA
Desk,Wood,Blue,BrandC
Bed,Metal,Red,BrandC
Sofa,Plastic,Black,BrandC
Sofa,Fabric,Green,BrandD
Bed,Wood,Green,BrandA
Chair,Wood,Red,BrandD
Table,Plastic,Blue,BrandA
Desk,Metal,Brown,BrandB
Chair,Fabric,Black,BrandB
Bed,Wood,Green,BrandC
Table,Wood,Green,BrandC
Table,Metal,Brown,BrandD
Table,Plastic,Blue,BrandA
Bed,Glass,White,BrandA
Chair,Plastic,Red,BrandA
Desk,Wood,Blue,BrandC
Table,Wood,Blue,BrandC
Table,Fabric,Blue,BrandA
Chair,Plastic,Blue,BrandC
Table,Glass,White,BrandA
Table,Fabric,Brown,BrandD
Bed,Glass,Black,BrandB
Sofa,Fabric,Blue,BrandA
Chair,Plastic,Blue,BrandC
Chair,Wood,Red,BrandD
Chair,Glass,Green,BrandC
Bed,Plastic,White,BrandC
Bed,Glass,Blue,BrandC
Desk,Plastic,Black,BrandA
Bed,Fabric,Black,BrandD
Chair,Plastic,Black,BrandA
Desk,Fabric,Red,BrandB
Sofa,Wood,Black,BrandA
Table,Fabric,Brown,BrandB
Table,Metal,Red,BrandD
Desk,Wood,White,BrandD
Sofa,Plastic,Black,BrandA
Table,Plastic,Green,BrandA
Desk,Metal,Blue,BrandC
Bed,Plastic,White,BrandB
Chair,Wood,Brown,BrandC
Sofa,Wood,Green,BrandC
Table,Fabric,White,BrandD
Chair,Glass,Brown,BrandA
Desk,Plastic,Black,BrandD
Table,Metal,White,BrandA
Chair,Wood,White,BrandD
Bed,Wood,White,BrandD
Sofa,Wood,Red,BrandD
Desk,Glass,Green,BrandB
Table,Glass,Brown,BrandD
Bed,Plastic,Black,BrandB
Sofa,Metal,Blue,BrandD
Sofa,Glass,Black,BrandA
Bed,Fabric,Black,BrandB
Table,Glass,Red,BrandA
Sofa,Wood,Red,BrandA
Desk,Metal,White,BrandA
Chair,Plastic,Black,BrandB
Desk,Glass,Green,BrandC
Sofa,Wood,Red,BrandB
Chair,Fabric,Brown,BrandC
Bed,Fabric,Red,BrandB
Chair,Plastic,Green,BrandD
Chair,Plastic,Red,BrandC
Chair,Glass,Green,BrandD
Sofa,Plastic,Blue,BrandC
Table,Wood,Green,BrandB
Sofa,Wood,Blue,BrandB
Table,Wood,Brown,BrandC
Bed,Glass,White,BrandD
Bed,Glass,White,BrandA
Bed,Plastic,Red,BrandC
Bed,Glass,Green,BrandC
Bed,Wood,Red,BrandD
Desk,Metal,Green,BrandA
Sofa,Wood,Red,BrandC
Table,Metal,White,BrandA
Bed,Plastic,Brown,BrandA
Desk,Fabric,White,BrandB
Desk,Glass,Red,BrandD
Desk,Glass,Green,BrandC
Sofa,Wood,Black,BrandC
Bed,Wood,Brown,BrandA
Desk,Metal,Green,BrandC
Desk,Glass,Red,BrandA
Bed,Plastic,Green,BrandC
Sofa,Wood,Blue,BrandD
Desk,Glass,Green,BrandC
Table,Fabric,White,BrandA
Chair,Metal,White,BrandA
Chair,Wood,Blue,BrandC
Chair,Wood,Brown,BrandC
Sofa,Plastic,Green,BrandA
Desk,Wood,Brown,BrandB
Chair,Glass,Black,BrandB
Chair,Glass,Green,BrandC
Bed,Glass,White,BrandD
Desk,Fabric,White,BrandC
Desk,Fabric,Brown,BrandD
Bed,Wood,Red,BrandC
Desk,Fabric,White,BrandA
Table,Fabric,Red,BrandC
Sofa,Plastic,White,BrandD
Bed,Fabric,White,BrandD
Chair,Metal,Black,BrandC
Desk,Metal,Red,BrandC
Table,Metal,Red,BrandB
Table,Wood,White,BrandC
Sofa,Glass,Red,BrandC
Table,Plastic,White,BrandA
Desk,Wood,White,BrandD
Desk,Glass,Brown,BrandB
Table,Plastic,Green,BrandA
Desk,Plastic,Red,BrandC
Desk,Plastic,Blue,BrandD
Chair,Metal,Brown,BrandC
Bed,Metal,Red,BrandC
Desk,Metal,Red,BrandC
Desk,Plastic,Black,BrandC
Sofa,Plastic,Blue,BrandD
Bed,Metal,Blue,BrandA
Bed,Plastic,Black,BrandC
Bed,Metal,Black,BrandC
Table,Metal,Red,BrandB
Chair,Metal,Green,BrandB
Chair,Glass,Black,BrandD
Sofa,Plastic,Blue,BrandC
Bed,Wood,Blue,BrandC
Bed,Metal,Red,BrandC
Desk,Wood,Green,BrandD
Table,Glass,White,BrandD
Table,Plastic,Black,BrandC
Sofa,Metal,Black,BrandC
Chair,Metal,Red,BrandD
Bed,Metal,Brown,BrandC
Sofa,Wood,Brown,BrandA
Table,Glass,Green,BrandA
Table,Plastic,Blue,BrandD
Table,Glass,Blue,BrandA
Bed,Metal,White,BrandB
Bed,Glass,Blue,BrandC
Bed,Wood,Brown,BrandB
Desk,Fabric,Brown,BrandB
Chair,Fabric,Black,BrandB
Table,Plastic,White,BrandA
Table,Plastic,Green,BrandC
Desk,Glass,White,BrandC
Table,Plastic,Green,BrandD
Table,Wood,Brown,BrandB
Bed,Metal,Blue,BrandA
Bed,Metal,Red,BrandB
Chair,Glass,White,BrandB
Table,Metal,White,BrandC
Sofa,Glass,Black,BrandD
Table,Plastic,Black,BrandA
Table,Plastic,Brown,BrandC
Chair,Wood,Green,BrandB
Sofa,Metal,Red,BrandC
Table,Wood,Black,BrandB
Sofa,Fabric,Black,BrandA
Bed,Wood,Blue,BrandC
Bed,Glass,Blue,BrandC
Sofa,Glass,Brown,BrandC
Table,Wood,Brown,BrandC
Sofa,Plastic,Black,BrandC
Sofa,Fabric,Green,BrandA
Bed,Wood,Red,BrandD
Sofa,Plastic,Black,BrandA
Desk,Wood,Green,BrandC
Desk,Metal,Green,BrandB
Bed,Glass,Black,BrandB
Table,Metal,Green,BrandC
Table,Metal,White,BrandD
Bed,Fabric,Green,BrandC
Table,Plastic,Black,BrandA
Chair,Glass,Green,BrandD
Desk,Metal,Black,BrandD
Chair,Glass,Blue,BrandA
Chair,Plastic,Black,BrandD
Chair,Wood,Green,BrandC
Bed,Metal,Black,BrandC
Chair,Plastic,Red,BrandB
Sofa,Glass,Black,BrandA
Table,Plastic,Black,BrandD
Bed,Wood,Red,BrandD
Sofa,Plastic,Red,BrandD
Sofa,Glass,Red,BrandC
Desk,Metal,Brown,BrandA
Desk,Metal,White,BrandC
Sofa,Fabric,Brown,BrandD
Desk,Glass,Black,BrandC
Table,Fabric,Brown,BrandD
Table,Fabric,Brown,BrandD
Desk,Wood,Red,BrandC
Chair,Glass,Red,BrandD
Sofa,Metal,Blue,BrandC
Table,Glass,Brown,BrandB
Desk,Wood,White,BrandC
Desk,Glass,Black,BrandB
Table,Glass,Green,BrandB
Table,Fabric,White,BrandC
Chair,Glass,White,BrandA
Desk,Fabric,Blue,BrandA
Desk,Fabric,Black,BrandC
Bed,Plastic,Black,BrandC
Chair,Wood,Red,BrandD
Table,Fabric,Red,BrandD
Table,Glass,White,BrandC
Sofa,Fabric,Blue,BrandA
Table,Fabric,Black,BrandD
Desk,Fabric,Blue,BrandD
Table,Metal,Green,BrandA
Desk,Metal,Black,BrandC
Desk,Metal,Red,BrandA
Chair,Metal,White,BrandB
Table,Plastic,Blue,BrandD
Chair,Fabric,Red,BrandD
Desk,Plastic,White,BrandD
Table,Glass,Red,BrandA
Table,Wood,Black,BrandA
Chair,Plastic,Blue,BrandC
Chair,Metal,Green,BrandD
Desk,Metal,Brown,BrandB
Desk,Glass,Red,BrandC
Table,Fabric,Brown,BrandA
Table,Wood,Blue,BrandB
Bed,Plastic,Black,BrandC
Bed,Fabric,Red,BrandA
Sofa,Fabric,Black,BrandB
Desk,Plastic,Green,BrandC
Sofa,Plastic,Green,BrandB
Sofa,Plastic,White,BrandA
Chair,Plastic,White,BrandC
Chair,Metal,White,BrandA
Bed,Fabric,Black,BrandD
Sofa,Fabric,White,BrandD
Bed,Metal,Blue,BrandB
Desk,Fabric,Brown,BrandD
Table,Plastic,Brown,BrandA
Chair,Wood,Black,BrandB
Desk,Fabric,Black,BrandC
Desk,Wood,White,BrandA
Chair,Wood,Brown,BrandC
Chair,Metal,Brown,BrandC
Sofa,Glass,White,BrandC
Bed,Fabric,Black,BrandC
Desk,Metal,Green,BrandA
Sofa,Metal,Green,BrandD
Sofa,Wood,White,BrandA
Desk,Fabric,Green,BrandD
Desk,Metal,Blue,BrandC
Table,Plastic,Blue,BrandD
Bed,Metal,Blue,BrandC
Desk,Plastic,Black,BrandB
Chair,Glass,Black,BrandC
Table,Plastic,Black,BrandD
Bed,Plastic,Black,BrandB
Chair,Wood,Black,BrandB
Chair,Metal,White,BrandC
Bed,Glass,Green,BrandA
Table,Metal,White,BrandD
Chair,Plastic,Green,BrandB
Sofa,Plastic,White,BrandA
Bed,Metal,Blue,BrandC
Bed,Glass,Red,BrandC
Desk,Glass,Black,BrandC
Table,Wood,Red,BrandC
Sofa,Plastic,Red,BrandD
Sofa,Plastic,Blue,BrandB
Desk,Wood,Red,BrandD
Chair,Metal,Red,BrandB
Chair,Plastic,Blue,BrandA
Sofa,Metal,Green,BrandA
Table,Glass,White,BrandB
Chair,Fabric,Brown,BrandC
Bed,Wood,Red,BrandA
Desk,Plastic,Black,BrandD
Table,Wood,Blue,BrandB
Chair,Glass,Red,BrandA
Sofa,Glass,Brown,BrandB
Desk,Glass,Green,BrandC
Chair,Glass,Green,BrandB
Sofa,Fabric,Brown,BrandA
Chair,Metal,Black,BrandB
Desk,Metal,Red,BrandA
Bed,Fabric,Black,BrandA
Bed,Metal,Green,BrandA
Sofa,Glass,Green,BrandD
Bed,Metal,White,BrandC
Desk,Wood,Green,BrandC
Sofa,Metal,Blue,BrandB
Chair,Wood,White,BrandB
Table,Plastic,Black,BrandA
Chair,Wood,Green,BrandC
Desk,Wood,Brown,BrandB
Sofa,Glass,Blue,BrandB
Chair,Glass,White,BrandC
Sofa,Glass,Blue,BrandA
Bed,Wood,White,BrandB
Table,Fabric,White,BrandA
Desk,Glass,White,BrandC
Chair,Glass,Brown,BrandC
Table,Wood,Black,BrandB
Desk,Plastic,White,BrandB
Desk,Plastic,White,BrandC
Bed,Metal,Blue,BrandA
Sofa,Plastic,White,BrandA
Sofa,Glass,Black,BrandD
Table,Fabric,Brown,BrandC
Bed,Metal,Brown,BrandB
Desk,Fabric,Blue,BrandC
Bed,Fabric,White,BrandB
Bed,Glass,Blue,BrandA
Table,Wood,Brown,BrandB
Sofa,Wood,Black,BrandD
Bed,Wood,Blue,BrandA
Bed,Plastic,Black,BrandD
Bed,Wood,Green,BrandC
Chair,Glass,White,BrandB
Bed,Plastic,Black,BrandA
Bed,Wood,White,BrandB
Desk,Fabric,Black,BrandD
Chair,Glass,Red,BrandA
Bed,Glass,Red,BrandD
Bed,Metal,Red,BrandA
Table,Glass,Black,BrandC
Table,Fabric,Brown,BrandC
Chair,Glass,Brown,BrandB
Desk,Metal,White,BrandD
Chair,Glass,Red,BrandD
Chair,Glass,White,BrandA
Table,Metal,Black,BrandC
Table,Glass,White,BrandB
Desk,Plastic,White,BrandC
Bed,Glass,Red,BrandD
Desk,Wood,Brown,BrandB
Bed,Wood,Blue,BrandC
Sofa,Plastic,Green,BrandC
Table,Glass,Black,BrandA
Sofa,Fabric,Black,BrandA
Sofa,Glass,Black,BrandD
Table,Wood,Green,BrandC
Sofa,Metal,Blue,BrandA
Chair,Plastic,Brown,BrandC
Bed,Metal,White,BrandB
Desk,Fabric,Brown,BrandC
Table,Glass,Black,BrandC
Chair,Fabric,White,BrandD
Desk,Metal,Red,BrandB
Desk,Glass,Brown,BrandB
Desk,Fabric,Red,BrandA
Sofa,Wood,Red,BrandB
Sofa,Wood,Brown,BrandD
Sofa,Plastic,Black,BrandA
Sofa,Wood,Green,BrandC
Chair,Wood,Black,BrandB
Sofa,Metal,Red,BrandC
Table,Wood,Red,BrandA
Desk,Wood,Black,BrandB
Chair,Metal,Green,BrandA
Sofa,Wood,Green,BrandA
Desk,Wood,White,BrandB
Chair,Plastic,Blue,BrandB
Desk,Wood,Red,BrandA
Chair,Wood,Green,BrandD
Bed,Plastic,Brown,BrandB
Chair,Metal,Red,BrandA
Sofa,Wood,Blue,BrandC
Desk,Fabric,Brown,BrandC
Desk,Metal,Red,BrandB
Desk,Metal,Green,BrandB
Table,Wood,White,BrandC
Table,Plastic,Black,BrandA
Sofa,Metal,Brown,BrandA
Bed,Plastic,Black,BrandA
Table,Fabric,Green,BrandD
Chair,Plastic,Green,BrandB
Sofa,Glass,Brown,BrandD
Bed,Plastic,Blue,BrandD
Chair,Metal,Brown,BrandD
Desk,Plastic,Red,BrandD
Table,Plastic,Blue,BrandA
Chair,Glass,Black,BrandB
Bed,Glass,Red,BrandB
Sofa,Wood,Blue,BrandD
Chair,Metal,Black,BrandB
Sofa,Wood,Red,BrandC
Desk,Glass,White,BrandA
Bed,Plastic,Brown,BrandB
Bed,Glass,Brown,BrandA
Table,Fabric,Brown,BrandC
Bed,Plastic,White,BrandA
Chair,Wood,Blue,BrandC
Chair,Plastic,Green,BrandD
Chair,Fabric,Red,BrandB
Desk,Glass,Blue,BrandD
Bed,Metal,Green,BrandB
Bed,Metal,Brown,BrandD
Chair,Metal,Brown,BrandC
Table,Glass,Brown,BrandB
Table,Metal,Green,BrandD
Bed,Fabric,Red,BrandA
Bed,Glass,Red,BrandA
Sofa,Metal,Green,BrandD
Bed,Wood,Black,BrandC
Chair,Glass,Brown,BrandD
Desk,Glass,Blue,BrandA
Bed,Plastic,Red,BrandB
Bed,Metal,Green,BrandB
Chair,Wood,Black,BrandD
Sofa,Fabric,White,BrandB
Bed,Glass,Green,BrandA
Table,Fabric,Black,BrandB
Table,Fabric,White,BrandD
Table,Fabric,Black,BrandD
Desk,Plastic,Red,BrandD
Desk,Fabric,Green,BrandA
Bed,Metal,White,BrandC
Bed,Metal,Black,BrandB
Bed,Wood,White,BrandD
Desk,Wood,Blue,BrandC
Bed,Fabric,Green,BrandD
Chair,Fabric,Red,BrandD
Sofa,Plastic,White,BrandA
Table,Fabric,Brown,BrandA
Table,Fabric,Black,BrandC
Chair,Fabric,Brown,BrandD
Bed,Glass,White,BrandB
Desk,Glass,Brown,BrandB
Bed,Plastic,Black,BrandB
Bed,Plastic,White,BrandC
Table,Metal,Red,BrandA
Table,Plastic,Red,BrandC
Desk,Metal,Green,BrandA
Table,Fabric,Red,BrandB
Bed,Plastic,White,BrandB
Chair,Plastic,White,BrandA
Desk,Plastic,Red,BrandB
Chair,Metal,Blue,BrandC
Bed,Metal,White,BrandA
Desk,Wood,Green,BrandB
Chair,Metal,Blue,BrandD
Desk,Metal,Red,BrandB
Bed,Glass,Black,BrandD
Desk,Plastic,White,BrandB
Bed,Metal,Black,BrandD
Desk,Plastic,Brown,BrandB
Desk,Plastic,Green,BrandD
Table,Glass,Blue,BrandA
Bed,Plastic,Black,BrandA
Sofa,Metal,Green,BrandD
Desk,Plastic,Black,BrandB
Chair,Wood,Black,BrandC
Table,Wood,Green,BrandC
Table,Glass,White,BrandC
Desk,Metal,Black,BrandC
Sofa,Glass,Green,BrandD
Table,Wood,Black,BrandA
Bed,Metal,White,BrandA
Desk,Plastic,Green,BrandC
Desk,Metal,Black,BrandA
Sofa,Fabric,Red,BrandD
Bed,Metal,White,BrandC
Bed,Plastic,Black,BrandD
Sofa,Fabric,Blue,BrandD
Chair,Glass,Green,BrandB
Bed,Metal,Black,BrandD
Chair,Glass,White,BrandB
Chair,Metal,White,BrandC
Desk,Wood,Blue,BrandD
Desk,Wood,Blue,BrandA
Table,Plastic,Brown,BrandC
Desk,Wood,Brown,BrandD
Bed,Fabric,Black,BrandD
Bed,Fabric,Red,BrandA
Chair,Metal,White,BrandB
Bed,Glass,Red,BrandD
Desk,Fabric,Red,BrandD
Desk,Metal,Black,BrandA
Desk,Glass,Green,BrandC
